SET check_function_bodies = false;
SET session_replication_role = 'replica';

INSERT INTO public.account (id, client_id, taxonomy_id, type, name, custom_fields, meta, status, created_at, updated_at) VALUES (1, NULL, NULL, 'admin', 'Real World Academies', NULL, '{"theme": {"NAVBAR": {"background": "#ffffff", "colourActive": "#003753", "colourDefault": "#003753", "colourToggler": "#003753", "borderTopColor": "#cb1e32cc", "dropdownActive": "#ffffff", "dropdownColour": "#003753", "caretColourHover": "#cb1e32cc", "backgroundOverlay": "#ffffff", "dropdownBackground": "#ffffff", "dropdownColourHover": "#003753", "colourDefaultDesktop": "#003753", "backgroundHoverListItem": "#ffffff", "dropdownBackgroundHover": "#ecf0f3"}}}', 'active', '2021-09-19 15:55:02.274385+00', '2021-10-26 12:42:16.807387+00');

INSERT INTO public.account (id, client_id, taxonomy_id, type, name, custom_fields, meta, status, created_at, updated_at) VALUES (2, 1, 46, 'client', 'UAE FA', NULL, '{"config": {"Brand": {"logo": "images/beb194e8-73a2-4515-b1ce-2cf794ded86e.png", "name": "UAE FA", "logoCDN": true}}, "features": {"events": false, "learning": true, "locations": false}}', 'active', '2021-09-19 15:56:06.209789+00', '2021-10-26 12:40:32.329626+00');
INSERT INTO public.account (id, client_id, taxonomy_id, type, name, custom_fields, meta, status, created_at, updated_at) VALUES (3, 1, 44, 'client', 'DryKISS University', NULL, '{"theme": {"NAVBAR": {"background": "#086ecd", "colourActive": "#ffffff", "colourDefault": "#ffffff", "colourToggler": "#ffffff", "borderTopColor": "#bfbfbf", "dropdownActive": "#0b6ecb", "dropdownColour": "#0f7ce3", "caretColourHover": "#0b6ecb", "backgroundOverlay": "#ffffff", "dropdownBackground": "#ffffff", "dropdownColourHover": "#ffffff", "colourDefaultDesktop": "#ffffff", "backgroundHoverListItem": "#ffffff", "dropdownBackgroundHover": "#086ecd"}}}', 'active', '2021-09-19 15:56:06.209789+00', '2021-10-26 12:57:07.7874+00');

INSERT INTO public.taxonomy (id, client_id, parent_id, entity_id, entity, type, name, is_group, custom_fields, meta, ordering, status, created_at, updated_at) VALUES (2, 2, NULL, NULL, NULL, 'courses', 'General Courses', NULL, NULL, NULL, NULL, 'active', '2021-10-24 15:06:38.408084+00', '2021-10-24 15:06:38.408084+00');
INSERT INTO public.taxonomy (id, client_id, parent_id, entity_id, entity, type, name, is_group, custom_fields, meta, ordering, status, created_at, updated_at) VALUES (3, 2, 2, NULL, NULL, 'custom-fields', 'author', NULL, '{"input": "input", "label": "Author", "required": false, "inputType": "text"}', NULL, NULL, 'active', '2021-10-24 15:07:07.853222+00', '2021-10-26 11:11:36.998298+00');
INSERT INTO public.taxonomy (id, client_id, parent_id, entity_id, entity, type, name, is_group, custom_fields, meta, ordering, status, created_at, updated_at) VALUES (4, 2, 2, NULL, NULL, 'custom-fields', 'duration', NULL, '{"input": "input", "label": "Duration", "required": false, "inputType": "text"}', NULL, NULL, 'active', '2021-10-24 15:08:31.402643+00', '2021-10-26 11:11:54.636442+00');
INSERT INTO public.taxonomy (id, client_id, parent_id, entity_id, entity, type, name, is_group, custom_fields, meta, ordering, status, created_at, updated_at) VALUES (5, 2, 2, NULL, NULL, 'custom-fields', 'difficulty', NULL, '{"input": "select", "label": "Difficulty", "options": [{"label": "Beginner", "value": "beginner"}, {"label": "Intermediate", "value": "intermediate"}, {"label": "Advanced", "value": "advanced"}], "required": false}', NULL, NULL, 'active', '2021-10-24 15:09:23.301347+00', '2021-10-26 11:12:05.784441+00');
INSERT INTO public.taxonomy (id, client_id, parent_id, entity_id, entity, type, name, is_group, custom_fields, meta, ordering, status, created_at, updated_at) VALUES (6, 2, NULL, NULL, NULL, 'members', 'Students', NULL, NULL, NULL, NULL, 'active', '2021-10-24 19:28:18.944586+00', '2021-10-24 19:28:18.944586+00');
INSERT INTO public.taxonomy (id, client_id, parent_id, entity_id, entity, type, name, is_group, custom_fields, meta, ordering, status, created_at, updated_at) VALUES (7, 2, NULL, NULL, NULL, 'members', 'Teachers', NULL, NULL, NULL, NULL, 'active', '2021-10-24 19:28:27.048556+00', '2021-10-24 19:28:27.048556+00');
INSERT INTO public.taxonomy (id, client_id, parent_id, entity_id, entity, type, name, is_group, custom_fields, meta, ordering, status, created_at, updated_at) VALUES (8, 2, NULL, NULL, NULL, 'locations', 'Buildings', NULL, NULL, NULL, NULL, 'active', '2021-10-24 19:32:12.306378+00', '2021-10-24 19:32:12.306378+00');
INSERT INTO public.taxonomy (id, client_id, parent_id, entity_id, entity, type, name, is_group, custom_fields, meta, ordering, status, created_at, updated_at) VALUES (9, 2, NULL, NULL, NULL, 'events', 'Matches', NULL, NULL, NULL, NULL, 'active', '2021-10-25 07:15:51.105554+00', '2021-10-25 07:15:51.105554+00');
INSERT INTO public.taxonomy (id, client_id, parent_id, entity_id, entity, type, name, is_group, custom_fields, meta, ordering, status, created_at, updated_at) VALUES (10, 2, NULL, NULL, NULL, 'events', 'Training sessions', NULL, NULL, NULL, NULL, 'active', '2021-10-25 07:16:00.417762+00', '2021-10-25 07:16:00.417762+00');
INSERT INTO public.taxonomy (id, client_id, parent_id, entity_id, entity, type, name, is_group, custom_fields, meta, ordering, status, created_at, updated_at) VALUES (11, 2, NULL, NULL, NULL, 'locations', 'Training fields', NULL, NULL, NULL, NULL, 'active', '2021-10-25 07:16:23.616737+00', '2021-10-25 07:16:23.616737+00');
INSERT INTO public.taxonomy (id, client_id, parent_id, entity_id, entity, type, name, is_group, custom_fields, meta, ordering, status, created_at, updated_at) VALUES (12, 2, NULL, NULL, NULL, 'locations', 'Stadiums', NULL, NULL, NULL, NULL, 'active', '2021-10-25 07:16:31.364077+00', '2021-10-25 07:16:31.364077+00');
INSERT INTO public.taxonomy (id, client_id, parent_id, entity_id, entity, type, name, is_group, custom_fields, meta, ordering, status, created_at, updated_at) VALUES (13, 2, NULL, 6, 'lesson', 'lesson-questions', 'Steps to implement a policy', NULL, NULL, '{"type": "multipleAnswers", "score": 20}', NULL, 'active', '2021-10-26 10:26:54.981313+00', '2021-10-26 10:26:54.981313+00');
INSERT INTO public.taxonomy (id, client_id, parent_id, entity_id, entity, type, name, is_group, custom_fields, meta, ordering, status, created_at, updated_at) VALUES (14, 2, 13, 6, 'lesson', 'lesson-answers', 'Plan a response for concern reports', NULL, NULL, '{"is_correct": true}', NULL, 'active', '2021-10-26 10:27:25.902669+00', '2021-10-26 10:27:25.902669+00');
INSERT INTO public.taxonomy (id, client_id, parent_id, entity_id, entity, type, name, is_group, custom_fields, meta, ordering, status, created_at, updated_at) VALUES (15, 2, 13, 6, 'lesson', 'lesson-answers', 'Download a policy from the Internet', NULL, NULL, '{"is_correct": false}', NULL, 'active', '2021-10-26 10:27:25.902669+00', '2021-10-26 10:27:25.902669+00');
INSERT INTO public.taxonomy (id, client_id, parent_id, entity_id, entity, type, name, is_group, custom_fields, meta, ordering, status, created_at, updated_at) VALUES (16, 2, 13, 6, 'lesson', 'lesson-answers', 'Train people who will work with children', NULL, NULL, '{"is_correct": false}', NULL, 'active', '2021-10-26 10:27:25.902669+00', '2021-10-26 10:27:25.902669+00');
INSERT INTO public.taxonomy (id, client_id, parent_id, entity_id, entity, type, name, is_group, custom_fields, meta, ordering, status, created_at, updated_at) VALUES (17, 2, NULL, 6, 'lesson', 'lesson-questions', 'What guidelines should be developed?', NULL, NULL, '{"type": "multipleAnswers", "score": 25}', NULL, 'active', '2021-10-26 10:27:55.0505+00', '2021-10-26 10:28:01.627621+00');
INSERT INTO public.taxonomy (id, client_id, parent_id, entity_id, entity, type, name, is_group, custom_fields, meta, ordering, status, created_at, updated_at) VALUES (18, 2, 17, 6, 'lesson', 'lesson-answers', 'Identification of risks to a child involved in football', NULL, NULL, '{"is_correct": true}', NULL, 'active', '2021-10-26 10:28:32.634833+00', '2021-10-26 10:28:32.634833+00');
INSERT INTO public.taxonomy (id, client_id, parent_id, entity_id, entity, type, name, is_group, custom_fields, meta, ordering, status, created_at, updated_at) VALUES (19, 2, 17, 6, 'lesson', 'lesson-answers', 'Expected and prohibited behaviour', NULL, NULL, '{"is_correct": true}', NULL, 'active', '2021-10-26 10:28:32.634833+00', '2021-10-26 10:28:32.634833+00');
INSERT INTO public.taxonomy (id, client_id, parent_id, entity_id, entity, type, name, is_group, custom_fields, meta, ordering, status, created_at, updated_at) VALUES (20, 2, 17, 6, 'lesson', 'lesson-answers', 'Social media usage', NULL, NULL, '{"is_correct": false}', NULL, 'active', '2021-10-26 10:28:32.634833+00', '2021-10-26 10:28:32.634833+00');
INSERT INTO public.taxonomy (id, client_id, parent_id, entity_id, entity, type, name, is_group, custom_fields, meta, ordering, status, created_at, updated_at) VALUES (21, 2, 17, 6, 'lesson', 'lesson-answers', 'Guidance on what to do if a child goes missing', NULL, NULL, '{"is_correct": true}', NULL, 'active', '2021-10-26 10:28:32.634833+00', '2021-10-26 10:28:32.634833+00');
INSERT INTO public.taxonomy (id, client_id, parent_id, entity_id, entity, type, name, is_group, custom_fields, meta, ordering, status, created_at, updated_at) VALUES (22, 2, NULL, 14, 'lesson', 'lesson-questions', 'What are the common three stages in the identification of child abuse', NULL, NULL, '{"type": "multipleAnswers", "score": 25}', NULL, 'active', '2021-10-26 10:29:08.01828+00', '2021-10-26 10:29:08.01828+00');
INSERT INTO public.taxonomy (id, client_id, parent_id, entity_id, entity, type, name, is_group, custom_fields, meta, ordering, status, created_at, updated_at) VALUES (23, 2, 22, 14, 'lesson', 'lesson-answers', 'Questioning the possibility', NULL, NULL, '{"is_correct": true}', NULL, 'active', '2021-10-26 10:29:30.748045+00', '2021-10-26 10:29:30.748045+00');
INSERT INTO public.taxonomy (id, client_id, parent_id, entity_id, entity, type, name, is_group, custom_fields, meta, ordering, status, created_at, updated_at) VALUES (24, 2, 22, 14, 'lesson', 'lesson-answers', 'Looking out for signs of abuse', NULL, NULL, '{"is_correct": true}', NULL, 'active', '2021-10-26 10:29:30.748045+00', '2021-10-26 10:29:30.748045+00');
INSERT INTO public.taxonomy (id, client_id, parent_id, entity_id, entity, type, name, is_group, custom_fields, meta, ordering, status, created_at, updated_at) VALUES (25, 2, 22, 14, 'lesson', 'lesson-answers', 'Investigating the disclosure yourself', NULL, NULL, '{"is_correct": false}', NULL, 'active', '2021-10-26 10:29:30.748045+00', '2021-10-26 10:29:30.748045+00');
INSERT INTO public.taxonomy (id, client_id, parent_id, entity_id, entity, type, name, is_group, custom_fields, meta, ordering, status, created_at, updated_at) VALUES (26, 2, 22, 14, 'lesson', 'lesson-answers', 'Recording and reporting', NULL, NULL, '{"is_correct": false}', NULL, 'active', '2021-10-26 10:29:30.748045+00', '2021-10-26 10:29:30.748045+00');
INSERT INTO public.taxonomy (id, client_id, parent_id, entity_id, entity, type, name, is_group, custom_fields, meta, ordering, status, created_at, updated_at) VALUES (27, 2, NULL, 14, 'lesson', 'lesson-questions', 'What to do if a child discloses information directly to you', NULL, NULL, '{"type": "multipleAnswers", "score": 25}', NULL, 'active', '2021-10-26 10:29:49.074192+00', '2021-10-26 10:29:49.074192+00');
INSERT INTO public.taxonomy (id, client_id, parent_id, entity_id, entity, type, name, is_group, custom_fields, meta, ordering, status, created_at, updated_at) VALUES (28, 2, 27, 14, 'lesson', 'lesson-answers', 'Remain calm', NULL, NULL, '{"is_correct": true}', NULL, 'active', '2021-10-26 10:30:20.432951+00', '2021-10-26 10:30:20.432951+00');
INSERT INTO public.taxonomy (id, client_id, parent_id, entity_id, entity, type, name, is_group, custom_fields, meta, ordering, status, created_at, updated_at) VALUES (29, 2, 27, 14, 'lesson', 'lesson-answers', 'Show shock and disbelief', NULL, NULL, '{"is_correct": false}', NULL, 'active', '2021-10-26 10:30:20.432951+00', '2021-10-26 10:30:20.432951+00');
INSERT INTO public.taxonomy (id, client_id, parent_id, entity_id, entity, type, name, is_group, custom_fields, meta, ordering, status, created_at, updated_at) VALUES (30, 2, 27, 14, 'lesson', 'lesson-answers', 'Listen carefully to what is being said', NULL, NULL, '{"is_correct": true}', NULL, 'active', '2021-10-26 10:30:20.432951+00', '2021-10-26 10:30:20.432951+00');
INSERT INTO public.taxonomy (id, client_id, parent_id, entity_id, entity, type, name, is_group, custom_fields, meta, ordering, status, created_at, updated_at) VALUES (31, 2, 27, 14, 'lesson', 'lesson-answers', 'Explain what you are going to do', NULL, NULL, '{"is_correct": true}', NULL, 'active', '2021-10-26 10:30:20.432951+00', '2021-10-26 10:30:20.432951+00');
INSERT INTO public.taxonomy (id, client_id, parent_id, entity_id, entity, type, name, is_group, custom_fields, meta, ordering, status, created_at, updated_at) VALUES (32, 2, NULL, 14, 'lesson', 'lesson-questions', 'When an abuse is reported, it''s your responsibility to decide if it has really occurred', NULL, NULL, '{"type": "singleAnswer", "score": 10}', NULL, 'active', '2021-10-26 10:30:34.30907+00', '2021-10-26 10:30:34.30907+00');
INSERT INTO public.taxonomy (id, client_id, parent_id, entity_id, entity, type, name, is_group, custom_fields, meta, ordering, status, created_at, updated_at) VALUES (33, 2, 32, 14, 'lesson', 'lesson-answers', 'Yes', NULL, NULL, '{"is_correct": false}', NULL, 'active', '2021-10-26 10:30:47.07885+00', '2021-10-26 10:30:47.07885+00');
INSERT INTO public.taxonomy (id, client_id, parent_id, entity_id, entity, type, name, is_group, custom_fields, meta, ordering, status, created_at, updated_at) VALUES (34, 2, 32, 14, 'lesson', 'lesson-answers', 'No', NULL, NULL, '{"is_correct": true}', NULL, 'active', '2021-10-26 10:30:47.07885+00', '2021-10-26 10:30:47.07885+00');
INSERT INTO public.taxonomy (id, client_id, parent_id, entity_id, entity, type, name, is_group, custom_fields, meta, ordering, status, created_at, updated_at) VALUES (35, 2, NULL, NULL, NULL, 'members', 'Players', NULL, NULL, NULL, NULL, 'active', '2021-10-26 10:51:06.850437+00', '2021-10-26 10:51:06.850437+00');
INSERT INTO public.taxonomy (id, client_id, parent_id, entity_id, entity, type, name, is_group, custom_fields, meta, ordering, status, created_at, updated_at) VALUES (36, 2, 35, NULL, NULL, 'custom-fields', 'date-of-birth', NULL, '{"input": "datepicker", "label": "Date of birth", "required": false}', NULL, NULL, 'active', '2021-10-26 10:56:45.475198+00', '2021-10-26 11:00:28.279547+00');
INSERT INTO public.taxonomy (id, client_id, parent_id, entity_id, entity, type, name, is_group, custom_fields, meta, ordering, status, created_at, updated_at) VALUES (38, 2, 35, NULL, NULL, 'custom-fields', 'weight', NULL, '{"input": "input", "label": "Weight", "required": false, "inputType": "text"}', NULL, NULL, 'active', '2021-10-26 10:59:56.011474+00', '2021-10-26 11:00:37.679532+00');
INSERT INTO public.taxonomy (id, client_id, parent_id, entity_id, entity, type, name, is_group, custom_fields, meta, ordering, status, created_at, updated_at) VALUES (37, 2, 35, NULL, NULL, 'custom-fields', 'height', NULL, '{"input": "input", "label": "Height", "required": false, "inputType": "text"}', NULL, NULL, 'active', '2021-10-26 10:59:45.72238+00', '2021-10-26 11:00:46.550842+00');
INSERT INTO public.taxonomy (id, client_id, parent_id, entity_id, entity, type, name, is_group, custom_fields, meta, ordering, status, created_at, updated_at) VALUES (39, 2, 12, NULL, NULL, 'custom-fields', 'capacity', NULL, '{"input": "input", "label": "Capacity", "required": false, "inputType": "number"}', NULL, NULL, 'active', '2021-10-26 11:30:47.188046+00', '2021-10-26 11:31:56.662177+00');
INSERT INTO public.taxonomy (id, client_id, parent_id, entity_id, entity, type, name, is_group, custom_fields, meta, ordering, status, created_at, updated_at) VALUES (40, 2, NULL, NULL, NULL, 'members', 'Organisations', NULL, NULL, NULL, NULL, 'active', '2021-10-26 11:38:30.188148+00', '2021-10-26 11:38:30.188148+00');
INSERT INTO public.taxonomy (id, client_id, parent_id, entity_id, entity, type, name, is_group, custom_fields, meta, ordering, status, created_at, updated_at) VALUES (41, 2, 40, NULL, NULL, 'custom-fields', 'vat-id', NULL, '{"input": "input", "label": "VAT ID", "required": false, "inputType": "text"}', NULL, NULL, 'active', '2021-10-26 11:39:25.463499+00', '2021-10-26 11:39:25.463499+00');
INSERT INTO public.taxonomy (id, client_id, parent_id, entity_id, entity, type, name, is_group, custom_fields, meta, ordering, status, created_at, updated_at) VALUES (42, 2, 40, NULL, NULL, 'custom-fields', 'utr-number', NULL, '{"input": "input", "label": "UTR Number", "required": false, "inputType": "text"}', NULL, NULL, 'active', '2021-10-26 11:39:41.49403+00', '2021-10-26 11:39:41.49403+00');
INSERT INTO public.taxonomy (id, client_id, parent_id, entity_id, entity, type, name, is_group, custom_fields, meta, ordering, status, created_at, updated_at) VALUES (43, 2, 40, NULL, NULL, 'custom-fields', 'website', NULL, '{"input": "input", "label": "Website", "required": false, "inputType": "text"}', NULL, NULL, 'active', '2021-10-26 11:40:00.185427+00', '2021-10-26 11:40:00.185427+00');
INSERT INTO public.taxonomy (id, client_id, parent_id, entity_id, entity, type, name, is_group, custom_fields, meta, ordering, status, created_at, updated_at) VALUES (44, 1, NULL, NULL, NULL, 'clients', 'Universities', NULL, NULL, NULL, NULL, 'active', '2021-10-26 12:40:05.388984+00', '2021-10-26 12:40:05.388984+00');
INSERT INTO public.taxonomy (id, client_id, parent_id, entity_id, entity, type, name, is_group, custom_fields, meta, ordering, status, created_at, updated_at) VALUES (45, 1, NULL, NULL, NULL, 'clients', 'Sport clubs', NULL, NULL, NULL, NULL, 'active', '2021-10-26 12:40:17.444559+00', '2021-10-26 12:40:17.444559+00');
INSERT INTO public.taxonomy (id, client_id, parent_id, entity_id, entity, type, name, is_group, custom_fields, meta, ordering, status, created_at, updated_at) VALUES (46, 1, NULL, NULL, NULL, 'clients', 'FAs', NULL, NULL, NULL, NULL, 'active', '2021-10-26 12:40:22.125537+00', '2021-10-26 12:40:22.125537+00');
INSERT INTO public.taxonomy (id, client_id, parent_id, entity_id, entity, type, name, is_group, custom_fields, meta, ordering, status, created_at, updated_at) VALUES (47, 3, NULL, NULL, NULL, 'members', 'Employees', NULL, NULL, NULL, NULL, 'active', '2021-10-26 12:57:31.575804+00', '2021-10-26 12:57:31.575804+00');
INSERT INTO public.taxonomy (id, client_id, parent_id, entity_id, entity, type, name, is_group, custom_fields, meta, ordering, status, created_at, updated_at) VALUES (48, 3, NULL, NULL, NULL, 'courses', 'Development', NULL, NULL, NULL, NULL, 'active', '2021-10-26 12:57:43.975626+00', '2021-10-26 12:57:43.975626+00');
INSERT INTO public.taxonomy (id, client_id, parent_id, entity_id, entity, type, name, is_group, custom_fields, meta, ordering, status, created_at, updated_at) VALUES (49, 3, NULL, NULL, NULL, 'courses', 'Marketing', NULL, NULL, NULL, NULL, 'active', '2021-10-26 12:57:48.111045+00', '2021-10-26 12:57:48.111045+00');
INSERT INTO public.taxonomy (id, client_id, parent_id, entity_id, entity, type, name, is_group, custom_fields, meta, ordering, status, created_at, updated_at) VALUES (50, 3, NULL, NULL, NULL, 'events', 'Meetups', NULL, NULL, NULL, NULL, 'active', '2021-10-26 12:57:57.883502+00', '2021-10-26 12:57:57.883502+00');
INSERT INTO public.taxonomy (id, client_id, parent_id, entity_id, entity, type, name, is_group, custom_fields, meta, ordering, status, created_at, updated_at) VALUES (51, 3, 48, NULL, NULL, 'custom-fields', 'difficulty', NULL, '{"input": "select", "label": "Difficulty", "options": [{"label": "Beginner", "value": "beginner"}, {"label": "Intermediate", "value": "intermediate"}, {"label": "Advanced", "value": "advanced"}], "required": false}', NULL, NULL, 'active', '2021-10-26 12:58:23.907382+00', '2021-10-26 13:00:08.391637+00');
INSERT INTO public.taxonomy (id, client_id, parent_id, entity_id, entity, type, name, is_group, custom_fields, meta, ordering, status, created_at, updated_at) VALUES (52, 3, NULL, 17, 'lesson', 'lesson-questions', 'Is Next.js a library or framework?', NULL, NULL, '{"type": "singleAnswer", "score": 10}', NULL, 'active', '2021-10-26 13:28:42.718285+00', '2021-10-26 13:28:42.718285+00');
INSERT INTO public.taxonomy (id, client_id, parent_id, entity_id, entity, type, name, is_group, custom_fields, meta, ordering, status, created_at, updated_at) VALUES (53, 3, 52, 17, 'lesson', 'lesson-answers', 'Library', NULL, NULL, '{"is_correct": false}', NULL, 'active', '2021-10-26 13:28:56.224042+00', '2021-10-26 13:28:56.224042+00');
INSERT INTO public.taxonomy (id, client_id, parent_id, entity_id, entity, type, name, is_group, custom_fields, meta, ordering, status, created_at, updated_at) VALUES (54, 3, 52, 17, 'lesson', 'lesson-answers', 'Framework', NULL, NULL, '{"is_correct": true}', NULL, 'active', '2021-10-26 13:28:56.224042+00', '2021-10-26 13:28:56.224042+00');
INSERT INTO public.taxonomy (id, client_id, parent_id, entity_id, entity, type, name, is_group, custom_fields, meta, ordering, status, created_at, updated_at) VALUES (55, 3, NULL, 17, 'lesson', 'lesson-questions', 'What type of rendering is better for SEO?', NULL, NULL, '{"type": "singleAnswer", "score": 10}', NULL, 'active', '2021-10-26 13:29:28.004065+00', '2021-10-26 13:29:28.004065+00');
INSERT INTO public.taxonomy (id, client_id, parent_id, entity_id, entity, type, name, is_group, custom_fields, meta, ordering, status, created_at, updated_at) VALUES (56, 3, 55, 17, 'lesson', 'lesson-answers', 'Server-side rendering', NULL, NULL, '{"is_correct": true}', NULL, 'active', '2021-10-26 13:29:43.956998+00', '2021-10-26 13:29:43.956998+00');
INSERT INTO public.taxonomy (id, client_id, parent_id, entity_id, entity, type, name, is_group, custom_fields, meta, ordering, status, created_at, updated_at) VALUES (57, 3, 55, 17, 'lesson', 'lesson-answers', 'Client-side rendering', NULL, NULL, '{"is_correct": false}', NULL, 'active', '2021-10-26 13:29:43.956998+00', '2021-10-26 13:29:43.956998+00');

INSERT INTO public.account (id, client_id, taxonomy_id, type, name, custom_fields, meta, status, created_at, updated_at) VALUES (4, 2, NULL, 'member', 'Demo Member', NULL, NULL, 'active', '2021-09-19 15:56:55.846114+00', '2021-09-19 15:56:55.846114+00');
INSERT INTO public.account (id, client_id, taxonomy_id, type, name, custom_fields, meta, status, created_at, updated_at) VALUES (5, 1, 44, 'client', 'University of Gibraltar', NULL, NULL, 'active', '2021-09-19 15:58:34.953925+00', '2021-10-26 12:40:48.240201+00');
INSERT INTO public.account (id, client_id, taxonomy_id, type, name, custom_fields, meta, status, created_at, updated_at) VALUES (6, 1, 45, 'client', 'F.C. Bruno''s Magpies', NULL, NULL, 'active', '2021-09-19 15:58:34.953925+00', '2021-10-26 12:40:43.115412+00');
INSERT INTO public.account (id, client_id, taxonomy_id, type, name, custom_fields, meta, status, created_at, updated_at) VALUES (7, 2, 6, 'member', 'Michael Smith', NULL, NULL, 'active', '2021-10-26 11:35:08.503727+00', '2021-10-26 11:35:08.503727+00');
INSERT INTO public.account (id, client_id, taxonomy_id, type, name, custom_fields, meta, status, created_at, updated_at) VALUES (8, 2, 6, 'member', 'Matthew Clark', NULL, NULL, 'active', '2021-10-26 11:36:21.023753+00', '2021-10-26 11:36:21.023753+00');
INSERT INTO public.account (id, client_id, taxonomy_id, type, name, custom_fields, meta, status, created_at, updated_at) VALUES (9, 2, 6, 'member', 'Perry Dunbar', NULL, NULL, 'active', '2021-10-26 11:37:07.897839+00', '2021-10-26 11:37:07.897839+00');
INSERT INTO public.account (id, client_id, taxonomy_id, type, name, custom_fields, meta, status, created_at, updated_at) VALUES (10, 2, 6, 'member', 'Jasper Reilly', NULL, NULL, 'active', '2021-10-26 11:37:52.089997+00', '2021-10-26 11:37:52.089997+00');
INSERT INTO public.account (id, client_id, taxonomy_id, type, name, custom_fields, meta, status, created_at, updated_at) VALUES (11, 2, 40, 'member', 'Patterson Ltd', '{"vat-id": "GB3252352", "website": "https://www.patterson.co.uk", "utr-number": "239523626"}', NULL, 'active', '2021-10-26 11:41:17.495018+00', '2021-10-26 11:41:17.495018+00');

INSERT INTO public."user" (id, taxonomy_id, email, name_first, name_last, email_verified, custom_fields, meta, password, password_token, password_token_expire, status, created_at, updated_at, phone, phone_verified) VALUES (4, NULL, 'demo@example.com', 'Demo', 'User', true, '{"phone": ""}', NULL, '$2a$10$VFKtueNqjp9Rj6ColB2ODudq73BxSIOEOtkC5uFPsa8I.e6IPqtJS', '3210af7a-2346-4203-8c59-a6aeee5dc032', '2021-09-20 16:01:59.424443+00', 'active', '2021-09-19 16:01:59.424443+00', '2021-09-20 06:55:03.291663+00', NULL, NULL);
INSERT INTO public."user" (id, taxonomy_id, email, name_first, name_last, email_verified, custom_fields, meta, password, password_token, password_token_expire, status, created_at, updated_at, phone, phone_verified) VALUES (3, NULL, 'drykiss@example.com', 'DryKISS', 'Manager', true, NULL, NULL, '$2a$10$VFKtueNqjp9Rj6ColB2ODudq73BxSIOEOtkC5uFPsa8I.e6IPqtJS', '0ffe5e0a-f932-4108-9ce3-97a2deaaf39d', '2021-09-20 16:01:59.424443+00', 'active', '2021-09-19 16:01:59.424443+00', '2021-09-20 06:55:03.291663+00', NULL, NULL);
INSERT INTO public."user" (id, taxonomy_id, email, name_first, name_last, email_verified, custom_fields, meta, password, password_token, password_token_expire, status, created_at, updated_at, phone, phone_verified) VALUES (2, NULL, 'uaefa@example.com', 'UAE FA', 'Manager', true, NULL, NULL, '$2a$10$VFKtueNqjp9Rj6ColB2ODudq73BxSIOEOtkC5uFPsa8I.e6IPqtJS', '38f4df89-5fe1-40a9-8144-749253320181', '2021-09-20 16:01:59.424443+00', 'active', '2021-09-19 16:01:59.424443+00', '2021-09-20 06:55:03.291663+00', NULL, NULL);
INSERT INTO public."user" (id, taxonomy_id, email, name_first, name_last, email_verified, custom_fields, meta, password, password_token, password_token_expire, status, created_at, updated_at, phone, phone_verified) VALUES (1, NULL, 'admin@example.com', 'Admin', 'Owner', true, NULL, NULL, '$2a$10$VFKtueNqjp9Rj6ColB2ODudq73BxSIOEOtkC5uFPsa8I.e6IPqtJS', 'c27e598e-df04-44f6-a8b7-7eda38e3060b', '2021-09-20 16:01:59.424443+00', 'active', '2021-09-19 16:01:59.424443+00', '2021-09-20 06:55:03.291663+00', NULL, NULL);
INSERT INTO public."user" (id, taxonomy_id, email, name_first, name_last, email_verified, custom_fields, meta, password, password_token, password_token_expire, status, created_at, updated_at, phone, phone_verified) VALUES (12, NULL, 'magpies@example.com', 'Magpies', 'F.C.', true, NULL, NULL, '$2a$10$VFKtueNqjp9Rj6ColB2ODudq73BxSIOEOtkC5uFPsa8I.e6IPqtJS', '588fd506-eb0d-4fc0-9039-d19f0f108999', '2021-10-09 10:09:41.793422+00', 'active', '2021-10-08 10:09:41.793422+00', '2021-10-08 10:09:58.22876+00', NULL, NULL);
INSERT INTO public."user" (id, taxonomy_id, email, name_first, name_last, email_verified, custom_fields, meta, password, password_token, password_token_expire, status, created_at, updated_at, phone, phone_verified) VALUES (13, NULL, 'michael@example.com', 'Michael', 'Smith', NULL, NULL, NULL, '$2a$10$edTKG46wVqNtUhn//cKQkOVZO.77TazVPZhYHYTcT9ywAZ0DtBj9K', 'd4277d15-2fb1-4347-a4be-81c71053c63e', '2021-10-27 11:35:08.503727+00', 'active', '2021-10-26 11:35:08.503727+00', '2021-10-26 11:35:08.503727+00', NULL, NULL);
INSERT INTO public."user" (id, taxonomy_id, email, name_first, name_last, email_verified, custom_fields, meta, password, password_token, password_token_expire, status, created_at, updated_at, phone, phone_verified) VALUES (14, NULL, 'matthew@example.com', 'Matthew', 'Clark', NULL, NULL, NULL, '$2a$10$3DfGm7zyghy9uEX3D0Dl8.TlCPhKHT/4fuWXfPpPydhvfU3WlqnEa', 'a03f1a8e-96d2-4122-8c6d-35c971eec2aa', '2021-10-27 11:36:21.023753+00', 'active', '2021-10-26 11:36:21.023753+00', '2021-10-26 11:36:21.023753+00', NULL, NULL);
INSERT INTO public."user" (id, taxonomy_id, email, name_first, name_last, email_verified, custom_fields, meta, password, password_token, password_token_expire, status, created_at, updated_at, phone, phone_verified) VALUES (15, NULL, 'perry@example.com', 'Perry', 'Dunbar', NULL, NULL, NULL, '$2a$10$H4ZPJpxtwbUYEMW7twervO6.2btKOemCY0IXsWMTfLesUZjsFn7PG', '7bd53e84-4e31-4bca-9fcf-6d7a2108f29c', '2021-10-27 11:37:07.897839+00', 'active', '2021-10-26 11:37:07.897839+00', '2021-10-26 11:37:07.897839+00', NULL, NULL);
INSERT INTO public."user" (id, taxonomy_id, email, name_first, name_last, email_verified, custom_fields, meta, password, password_token, password_token_expire, status, created_at, updated_at, phone, phone_verified) VALUES (16, NULL, 'jasper@example.com', 'Jasper', 'Reilly', NULL, NULL, NULL, '$2a$10$RqdmfNxUasB4e5K3UF89Cetzobb5TReDGumopnG1AHSToZ9txeKru', 'e21a1834-6396-4456-81ec-43ebb084f62b', '2021-10-27 11:37:52.089997+00', 'active', '2021-10-26 11:37:52.089997+00', '2021-10-26 11:37:52.089997+00', NULL, NULL);
INSERT INTO public."user" (id, taxonomy_id, email, name_first, name_last, email_verified, custom_fields, meta, password, password_token, password_token_expire, status, created_at, updated_at, phone, phone_verified) VALUES (17, NULL, 'patterson@example.com', 'John', 'Patterson', NULL, NULL, NULL, '$2a$10$X7DrgD7VjglJYdox5wiXg.60Gdf3fhT8G//n8F5i1vQfLBKce8b7y', '97e0e39c-66d7-4cdd-a4ab-6d7f061354de', '2021-10-27 11:41:17.495018+00', 'active', '2021-10-26 11:41:17.495018+00', '2021-10-26 11:41:17.495018+00', NULL, NULL);
INSERT INTO public."user" (id, taxonomy_id, email, name_first, name_last, email_verified, custom_fields, meta, password, password_token, password_token_expire, status, created_at, updated_at, phone, phone_verified) VALUES (18, NULL, 'jerry@example.com', 'Jerry', 'Ryan', false, '{"phone": ""}', NULL, 'Lms1234!', 'ffefe0bc-f0c8-4e91-b29a-aac43211c444', '2021-10-27 12:30:05.952943+00', 'active', '2021-10-26 12:30:05.952943+00', '2021-10-26 12:30:05.952943+00', NULL, NULL);
INSERT INTO public.account_user (id, account_id, user_id, taxonomy_id, is_owner, is_contact, last_signin_at, custom_fields, meta, status, created_at, updated_at) VALUES (1, 1, 1, NULL, true, true, NULL, NULL, NULL, 'active', '2021-09-19 16:02:48.204313+00', '2021-09-19 16:02:48.204313+00');
INSERT INTO public.account_user (id, account_id, user_id, taxonomy_id, is_owner, is_contact, last_signin_at, custom_fields, meta, status, created_at, updated_at) VALUES (2, 2, 2, NULL, true, true, NULL, NULL, NULL, 'active', '2021-09-19 16:02:48.204313+00', '2021-09-19 16:02:48.204313+00');
INSERT INTO public.account_user (id, account_id, user_id, taxonomy_id, is_owner, is_contact, last_signin_at, custom_fields, meta, status, created_at, updated_at) VALUES (3, 3, 3, NULL, true, true, NULL, NULL, NULL, 'active', '2021-09-19 16:02:48.204313+00', '2021-09-19 16:02:48.204313+00');
INSERT INTO public.account_user (id, account_id, user_id, taxonomy_id, is_owner, is_contact, last_signin_at, custom_fields, meta, status, created_at, updated_at) VALUES (4, 4, 4, NULL, true, true, NULL, NULL, NULL, 'active', '2021-09-19 16:02:48.204313+00', '2021-09-19 16:02:48.204313+00');
INSERT INTO public.account_user (id, account_id, user_id, taxonomy_id, is_owner, is_contact, last_signin_at, custom_fields, meta, status, created_at, updated_at) VALUES (12, 6, 12, NULL, true, true, NULL, NULL, NULL, 'active', '2021-10-08 10:10:12.159473+00', '2021-10-08 10:10:12.159473+00');
INSERT INTO public.account_user (id, account_id, user_id, taxonomy_id, is_owner, is_contact, last_signin_at, custom_fields, meta, status, created_at, updated_at) VALUES (13, 7, 13, NULL, NULL, NULL, NULL, NULL, NULL, 'active', '2021-10-26 11:35:08.503727+00', '2021-10-26 11:35:08.503727+00');
INSERT INTO public.account_user (id, account_id, user_id, taxonomy_id, is_owner, is_contact, last_signin_at, custom_fields, meta, status, created_at, updated_at) VALUES (14, 8, 14, NULL, NULL, NULL, NULL, NULL, NULL, 'active', '2021-10-26 11:36:21.023753+00', '2021-10-26 11:36:21.023753+00');
INSERT INTO public.account_user (id, account_id, user_id, taxonomy_id, is_owner, is_contact, last_signin_at, custom_fields, meta, status, created_at, updated_at) VALUES (15, 9, 15, NULL, NULL, NULL, NULL, NULL, NULL, 'active', '2021-10-26 11:37:07.897839+00', '2021-10-26 11:37:07.897839+00');
INSERT INTO public.account_user (id, account_id, user_id, taxonomy_id, is_owner, is_contact, last_signin_at, custom_fields, meta, status, created_at, updated_at) VALUES (16, 10, 16, NULL, NULL, NULL, NULL, NULL, NULL, 'active', '2021-10-26 11:37:52.089997+00', '2021-10-26 11:37:52.089997+00');
INSERT INTO public.account_user (id, account_id, user_id, taxonomy_id, is_owner, is_contact, last_signin_at, custom_fields, meta, status, created_at, updated_at) VALUES (17, 11, 17, NULL, NULL, NULL, NULL, NULL, NULL, 'active', '2021-10-26 11:41:17.495018+00', '2021-10-26 11:41:17.495018+00');
INSERT INTO public.account_user (id, account_id, user_id, taxonomy_id, is_owner, is_contact, last_signin_at, custom_fields, meta, status, created_at, updated_at) VALUES (18, 11, 18, NULL, NULL, NULL, NULL, NULL, NULL, 'active', '2021-10-26 12:30:05.952943+00', '2021-10-26 12:30:05.952943+00');
INSERT INTO public.course (id, account_id, taxonomy_id, title, description, custom_fields, meta, status, created_at, updated_at, enrollment_start, enrollment_end) VALUES (1, 2, 2, 'Player Safeguarding', 'Implement best practice to keep children safe and ensure involvement in football', '{"author": "UAE FA", "duration": "2 hours 30 minutes", "difficulty": "beginner"}', NULL, 'active', '2021-09-19 16:04:00.742967+00', '2021-10-24 15:11:13.605823+00', NULL, NULL);
INSERT INTO public.course (id, account_id, taxonomy_id, title, description, custom_fields, meta, status, created_at, updated_at, enrollment_start, enrollment_end) VALUES (2, 2, 2, 'Emotional Intelligence & Professionalism', 'Professionalism is a transferable skill, and we have developed a mentoring plan that teaches these skills.', '{"author": "RWA", "duration": "7 days", "difficulty": "beginner"}', NULL, 'active', '2021-10-24 20:28:40.714275+00', '2021-10-24 20:28:53.260866+00', NULL, NULL);
INSERT INTO public.course (id, account_id, taxonomy_id, title, description, custom_fields, meta, status, created_at, updated_at, enrollment_start, enrollment_end) VALUES (3, 3, 48, 'Next.js Introduction', 'Getting started with Next.js', NULL, NULL, 'active', '2021-10-26 13:02:27.053863+00', '2021-10-26 13:02:27.053863+00', NULL, NULL);
INSERT INTO public.course_enrollment (id, course_id, account_id, user_id, taxonomy_id, custom_fields, meta, status, created_at, updated_at) VALUES (1, 1, 4, 4, NULL, NULL, NULL, 'completed', '2021-09-19 16:06:51.02842+00', '2021-10-26 21:06:13.624994+00');
INSERT INTO public.location (id, account_id, taxonomy_id, name, custom_fields, meta, status, created_at, updated_at, parent_id) VALUES (2, 2, 8, 'Headquarters', NULL, NULL, 'active', '2021-10-26 10:41:16.007884+00', '2021-10-26 10:41:16.007884+00', NULL);
INSERT INTO public.location (id, account_id, taxonomy_id, name, custom_fields, meta, status, created_at, updated_at, parent_id) VALUES (4, 2, 11, 'North field', NULL, NULL, 'active', '2021-10-27 20:22:24.1679+00', '2021-10-27 20:22:24.1679+00', NULL);
INSERT INTO public.location (id, account_id, taxonomy_id, name, custom_fields, meta, status, created_at, updated_at, parent_id) VALUES (5, 2, 12, 'Al Nahyan Stadium', '{"capacity": "12000"}', NULL, 'active', '2021-10-27 20:23:25.435648+00', '2021-10-27 20:23:25.435648+00', NULL);
INSERT INTO public.event (id, account_id, location_id, taxonomy_id, parent_id, title, description, start_at, end_at, custom_fields, meta, status, created_at, updated_at) VALUES (2, 2, NULL, 10, NULL, 'Football training session #1', '', '2021-10-28 22:00:00+00', NULL, NULL, NULL, 'active', '2021-10-25 16:08:42.844604+00', '2021-10-25 16:08:42.844604+00');
INSERT INTO public.event (id, account_id, location_id, taxonomy_id, parent_id, title, description, start_at, end_at, custom_fields, meta, status, created_at, updated_at) VALUES (3, 2, NULL, 10, NULL, 'Football training session #2', '', '2021-11-01 23:00:00+00', NULL, NULL, NULL, 'active', '2021-10-27 20:24:21.069425+00', '2021-10-27 20:24:21.069425+00');
INSERT INTO public.event (id, account_id, location_id, taxonomy_id, parent_id, title, description, start_at, end_at, custom_fields, meta, status, created_at, updated_at) VALUES (4, 2, NULL, 50, NULL, 'Teachers meeting', '', '2021-10-28 22:00:00+00', NULL, NULL, NULL, 'active', '2021-10-27 20:24:53.47915+00', '2021-10-27 20:24:53.47915+00');
INSERT INTO public.module (id, course_id, taxonomy_id, title, description, custom_fields, meta, ordering, status, created_at, updated_at) VALUES (1, 1, NULL, 'Introduction', NULL, NULL, NULL, 1, 'active', '2021-09-19 16:10:15.106969+00', '2021-09-19 16:10:15.106969+00');
INSERT INTO public.module (id, course_id, taxonomy_id, title, description, custom_fields, meta, ordering, status, created_at, updated_at) VALUES (2, 1, NULL, 'Getting Started', NULL, NULL, NULL, 2, 'active', '2021-09-19 16:10:15.106969+00', '2021-09-19 16:10:15.106969+00');
INSERT INTO public.module (id, course_id, taxonomy_id, title, description, custom_fields, meta, ordering, status, created_at, updated_at) VALUES (3, 1, NULL, 'Communication and education', NULL, NULL, NULL, 3, 'active', '2021-09-19 16:10:15.106969+00', '2021-09-19 16:10:15.106969+00');
INSERT INTO public.module (id, course_id, taxonomy_id, title, description, custom_fields, meta, ordering, status, created_at, updated_at) VALUES (5, 2, NULL, 'Introduction', '', NULL, NULL, NULL, 'active', '2021-10-24 20:35:33.801856+00', '2021-10-24 20:37:55.075073+00');
INSERT INTO public.module (id, course_id, taxonomy_id, title, description, custom_fields, meta, ordering, status, created_at, updated_at) VALUES (4, 1, NULL, 'Safeguarding', '', NULL, NULL, NULL, 'active', '2021-09-19 16:10:15.106969+00', '2021-10-25 15:05:26.743102+00');
INSERT INTO public.module (id, course_id, taxonomy_id, title, description, custom_fields, meta, ordering, status, created_at, updated_at) VALUES (6, 3, NULL, 'Introduction', 'What is Next.js', NULL, NULL, NULL, 'active', '2021-10-26 13:12:06.567966+00', '2021-10-26 13:12:06.567966+00');
INSERT INTO public.module (id, course_id, taxonomy_id, title, description, custom_fields, meta, ordering, status, created_at, updated_at) VALUES (7, 3, NULL, 'Getting Started', 'How to bootstrap a new Next.js app', NULL, NULL, NULL, 'active', '2021-10-26 13:31:05.711548+00', '2021-10-26 13:31:05.711548+00');
INSERT INTO public.lesson (id, course_id, module_id, taxonomy_id, type, title, description, content, custom_fields, meta, ordering, status, created_at, updated_at) VALUES (6, 1, 2, NULL, 'quiz', 'Developing procedures', NULL, 'It is essential to have or develop procedures in the following three areas, in order to implement your safeguarding policy.', NULL, NULL, 4, 'active', '2021-09-19 16:18:58.721524+00', '2021-09-19 16:20:21.427027+00');
INSERT INTO public.lesson (id, course_id, module_id, taxonomy_id, type, title, description, content, custom_fields, meta, ordering, status, created_at, updated_at) VALUES (3, 1, 2, NULL, 'text', 'Who is this for?', NULL, 'This is a resource for all stakeholders working to safeguard children in football. Specifically, it is intended for MAs:
    • to promote accountability and responsibility for keeping children safe from harm when involved in any football activity;
    • to self-assess and inform the development of their safeguarding policies, plans and programmes, including for human resource and training needs;
    • to assist coordinators and technical staff with risk assessments and the development of safeguarding plans and programmes;
    • to support practitioners, such as coaches, trainers, medical personnel, staff and volunteers, who provide services, training and programmes to children to apply good practice for effective action.', NULL, NULL, 1, 'active', '2021-09-19 16:17:39.041284+00', '2021-09-19 16:20:21.427027+00');
INSERT INTO public.lesson (id, course_id, module_id, taxonomy_id, type, title, description, content, custom_fields, meta, ordering, status, created_at, updated_at) VALUES (5, 1, 2, NULL, 'text', 'Creating a safeguarding policy', NULL, 'Every MA that engages directly or indirectly with children has a duty to do all it can to protect children from harm within football and to promote their well-being. A child safeguarding policy provides MAs with a formal approach to managing this duty of care.
Safeguarding children is supported by having a good, clear and accessible policy in place so that both adults and children are clear on what is expected of them and others.
This step refers to the development of an “organisational policy” within MAs, meaning a policy that should be in place for all aspects of the game, all year round.', NULL, NULL, 3, 'active', '2021-09-19 16:18:58.721524+00', '2021-10-25 11:23:12.871323+00');
INSERT INTO public.lesson (id, course_id, module_id, taxonomy_id, type, title, description, content, custom_fields, meta, ordering, status, created_at, updated_at) VALUES (11, 2, 5, NULL, 'text', 'Overview', 'Develop emotional and social intelligence, as well as an understanding of physical and mental well-being.', 'COGNITIVE INTELLIGENCE
Cognitive Intelligence is the intellectual ability to learn, retain and use knowledge to reason, recognize, pose and solve problems.
INTERPERSONAL AND SOCIAL INTELLIGENCE
The ability to naturally perceive and respond appropriately to the personalities of individuals and dynamics of groups.
CAREER FOCUSED
Development of the attributes of a highly employable professional and the ability to communicate those attributes successfully.
EMOTIONAL INTELLIGENCE
The ability to identify, assess, and manage your emotions,
and handle interpersonal relationships with empathy.
PHYSICAL AND MENTAL WELL-BEING
An awareness and understanding of physical and mental health and your impact on personal performance and development.', NULL, NULL, 1, 'active', '2021-10-24 20:36:15.375425+00', '2021-10-24 20:44:06.772628+00');
INSERT INTO public.lesson (id, course_id, module_id, taxonomy_id, type, title, description, content, custom_fields, meta, ordering, status, created_at, updated_at) VALUES (12, 2, 5, NULL, 'video', 'Steps to learn', 'How to learn new skills', NULL, NULL, NULL, 2, 'active', '2021-10-24 20:43:37.687504+00', '2021-10-24 20:44:14.515243+00');
INSERT INTO public.lesson (id, course_id, module_id, taxonomy_id, type, title, description, content, custom_fields, meta, ordering, status, created_at, updated_at) VALUES (4, 1, 2, NULL, 'text', 'The five principles', '', 'In line with the terms and spirit of the UNCRC, safeguarding children in football is based around the following five principles that apply to all stakeholders :
    1. We will act in the best interests of children.2 Ensuring that children are safeguarded is part of a commitment to enhancing their enjoyment of and performance in football.
    2. Children’s rights, as set out in the UNCRC, will be respected and promoted throughout the game of football.
    3. The principles and practices in this toolkit will be applied to all children and without discrimination on account of race, skin colour, ethnic, national or social origin, gender, disability, language, religion, political opinion or any other opinion, wealth, birth or any other status, sexual orientation or any other reason.
    4. Safeguarding children is everyone’s responsibility, regardless of the country we are from or the role we hold in football. This means that when children are in our care we have a duty to safeguard them, without exception.
    5. Specific roles and responsibilities must be defined within MAs and all concerns will be reported and dealt with immediately in accordance with stated procedures, in line with national legislation, and with the best interests of the child as the primary concern.', NULL, NULL, 2, 'active', '2021-09-19 16:18:58.721524+00', '2021-10-25 11:12:12.425232+00');
INSERT INTO public.lesson (id, course_id, module_id, taxonomy_id, type, title, description, content, custom_fields, meta, ordering, status, created_at, updated_at) VALUES (1, 1, 1, NULL, 'video', 'Introduction', '', 'As the global governing body for football, FIFA is committed to supporting its members to implement best practice to keep children safe and ensure involvement in football is fun for all.
While FIFA does not control the day-to-day operations of our members, or their affiliated organisations and clubs who are independently organised, this toolkit sets minimum requirements for all members on child safeguarding.', NULL, NULL, 1, 'active', '2021-09-19 16:17:39.041284+00', '2021-10-25 11:18:56.498215+00');
INSERT INTO public.lesson (id, course_id, module_id, taxonomy_id, type, title, description, content, custom_fields, meta, ordering, status, created_at, updated_at) VALUES (8, 1, 3, NULL, 'text', 'Education', '', 'As a minimum, education should include :
o Awareness-raising for everyone coming into contact with children and young people in football. This should include how to recognise and respond to concerns and standards of expected behaviour.
o Education for those requiring more specialist knowledge, such as staff who will be managing child-related concerns or recruiting people to work with children.
o Awareness-raising for children and their families, in particular to empower them to prevent, detect and report abuse and ensure that they know whom to speak to if they have any concerns.
o A visible or easily available code of conduct or “charter” for children and parents or guardians on championing childhood.', NULL, NULL, 2, 'active', '2021-09-19 16:20:21.427027+00', '2021-10-25 14:53:09.123862+00');
INSERT INTO public.lesson (id, course_id, module_id, taxonomy_id, type, title, description, content, custom_fields, meta, ordering, status, created_at, updated_at) VALUES (7, 1, 3, NULL, 'text', 'Introduction', '', 'Policies, procedures and guidelines will not in themselves safeguard children involved in football. Communication and education are therefore essential to ensure understanding of safeguarding measures and principles and what they mean for everyone in football.
The first step is to map out all the roles in your organisation and to what extent each role involves children. This will help your organisation to determine what level of safeguarding training is needed for the role. For example, adults that are taking children on trips away will need additional training on how to ensure that safeguarding measures are in place to keep them safe while away from home.', NULL, NULL, 1, 'active', '2021-09-19 16:20:21.427027+00', '2021-10-25 14:52:37.581989+00');
INSERT INTO public.lesson (id, course_id, module_id, taxonomy_id, type, title, description, content, custom_fields, meta, ordering, status, created_at, updated_at) VALUES (9, 1, 4, NULL, 'pdf', 'Starting on common ground', '', NULL, NULL, NULL, 1, 'active', '2021-09-19 16:20:21.427027+00', '2021-10-25 14:59:18.617724+00');
INSERT INTO public.lesson (id, course_id, module_id, taxonomy_id, type, title, description, content, custom_fields, meta, ordering, status, created_at, updated_at) VALUES (10, 1, 4, NULL, 'pdf', 'Sample child safeguarding policy', '', NULL, NULL, NULL, 2, 'active', '2021-09-19 16:20:21.427027+00', '2021-10-25 15:00:06.74621+00');
INSERT INTO public.lesson (id, course_id, module_id, taxonomy_id, type, title, description, content, custom_fields, meta, ordering, status, created_at, updated_at) VALUES (2, 1, 1, NULL, 'text', 'Overview', NULL, 'This course will underpin our work and that of our 211 MAs and the six confederations.
It provides a framework to help members consider how they can prevent any risk of harm to children in football and respond appropriately, as called for in the FIFA Forward 2.0 Regulations, article 8, paragraph 1t.
The toolkit recognises that many MAs already have good policies, procedures and training in place and builds on the great work of our partners around the world. It is part of FIFA’s overall commitment to safeguard children1 and will be supplemented with further guidance, templates, knowledge-sharing and training to support MAs, together with the confederations, in developing their own policies, procedures and good practices. FIFA considers this a living document that is to be updated every twenty-four months based on feedback and practical experience from our members.', NULL, NULL, 2, 'active', '2021-09-19 16:17:39.041284+00', '2021-10-25 10:32:18.134457+00');
INSERT INTO public.lesson (id, course_id, module_id, taxonomy_id, type, title, description, content, custom_fields, meta, ordering, status, created_at, updated_at) VALUES (13, 1, 3, NULL, 'text', 'Starting educational programmes', '', 'Good practice when starting educational programmes
1. To embed safeguarding measures across football in your country, information should be included in the general educational programme for coaches, referees, managers, etc. The FIFA basic safeguarding awareness course can be used for this purpose.
2. In the development of more detailed courses and education on safeguarding, consult national experts in relevant fields, e.g. sports psychologists, child protection experts, other sports bodies, etc.
3. Educational programmes should include information on, and definitions and examples of types of abuse, and the relevant legal framework in your country.
4. Clarify who your target group is, and prepare tailored educational materials. Safeguarding training should be arranged and tailored to specific roles and responsibilities within football.
5. Consult and include the voices of children in the development of educational programmes in your country.
6. Use new media (webinars, online tutorials) if possible but remember that face-to-face information and training on safeguarding is also really important.
7. Install an accreditation system for training to stimulate the participation of staff.
8. Initiate a “train the trainers” (ToT) programme for roll-out.', NULL, NULL, NULL, 'active', '2021-10-25 14:55:53.946414+00', '2021-10-25 14:56:39.481024+00');
INSERT INTO public.lesson (id, course_id, module_id, taxonomy_id, type, title, description, content, custom_fields, meta, ordering, status, created_at, updated_at) VALUES (14, 1, 4, NULL, 'quiz', 'Recognising and responding to concerns', '', NULL, NULL, NULL, NULL, 'active', '2021-10-25 15:04:46.306715+00', '2021-10-25 15:04:46.306715+00');
INSERT INTO public.lesson (id, course_id, module_id, taxonomy_id, type, title, description, content, custom_fields, meta, ordering, status, created_at, updated_at) VALUES (15, 3, 6, NULL, 'text', 'Next.js vs React', 'What are the differences between Next.js and React', 'React is a JavaScript library for building user interfaces. The user interface is often referred to as the front-end of an application.
Next.js is built on the React library. It is considered a framework because there are specific ways to use Next.js. It is similar to React but better.
React apps need a lot of functionality, and you end up sourcing from third-party npm packages. With Next.js these apps are already built right into the framework. For example, the router is built-in, which makes it possible to have specific URLs load components that you can choose to be displayed at that location. Another example is how Next.js can manipulate the <head> tag of the site. This is great for SEO and is really easy to use.
Why you should use Next.js
Next.js has all the benefits of React, but none of the issues that React presents. As you progress through the course, this statement will make more sense. Using Next.js also prevents you from having to install and learn multiple third-party npm packages because Next.js builds important functionalities into the framework.', NULL, NULL, NULL, 'active', '2021-10-26 13:24:06.850124+00', '2021-10-26 13:25:17.76403+00');
INSERT INTO public.lesson (id, course_id, module_id, taxonomy_id, type, title, description, content, custom_fields, meta, ordering, status, created_at, updated_at) VALUES (16, 3, 6, NULL, 'text', 'CSR vs SSR', 'Client-Side Rendering vs. Server-Side Rendering', 'Next.js is a framework that can server-side render HTML and send it back to the client in its entirety. This lesson is designed to give you a technical breakdown of what is happening when you use server-side rendering on a page of your application with Next.js.
Client-side rendering
First, let’s talk about what happens when you use client-side rendering on your application. When you create React apps using only React or the CLI command create-react-app, you are building an application that has a basic HTML file that calls one or more JavaScript files. That JavaScript creates and loads all of your HTML into the site by injecting it into the document object model dynamically. This all happens on the client side.
Client does the processing
It is important to note that the client CPU does all the processing of the JavaScript when applications are using client-side rendering. Typically, this will not be too intense, and most computers should be able to handle it. The site should load pretty fast. In some cases, like on old or cheap computers with slow processors, you would see that having the client handle the processing is not ideal.
Client makes requests for API data
While your site is being dynamically created by JavaScript, it can also be getting data from databases asynchronously through an API. Usually, your site will load the dynamic HTML, and then you will see it populate with information from the database. It takes longer for a client to make a request and get a response from an API than a server.
Speed
Overall, client-side rendering is fast. There are factors that can affect the speed, such as the speed in which an API will respond to you, how fast your hosting provider sends a response, your internet speed, and your CPU processing power.
Server-side rendering
When applications are using server-side rendering, the client receives a full HTML document. The server will access all the required data and run the JavaScript. It creates the page and sends it in its entirety back to the client.
Server does the initial processing
The server will access APIs, loop through the data, and anything else you want it to do. One benefit you get with this is that servers are extremely fast. It can do this work much faster than a client’s computer. They also have a better connection to the internet, which helps the speed in which APIs can reply much faster.
Additional processing can be done on the server
This is really important as well. What if you get an entire document back from the server but then need your app to make an additional call to an API to get data? You can do this with Next.js. You are not forced to render everything on the server. You will still be able to make asynchronous requests to APIs and update the document without a page refresh.
Speed
Servers can process JavaScript and create documents faster than a client. The main difference is that you will see the browser waiting for a response from the server a little longer with server-side rendering, since all the work is done on the server. Once the response comes, the site loads instantly and all at once. This still takes less time than the often speedier initial response when using client-side rendering. When you handle it this way, things start loading on the page asynchronously and take a second or two to fully complete.
', NULL, NULL, NULL, 'active', '2021-10-26 13:26:01.269039+00', '2021-10-26 13:27:32.035267+00');
INSERT INTO public.lesson (id, course_id, module_id, taxonomy_id, type, title, description, content, custom_fields, meta, ordering, status, created_at, updated_at) VALUES (17, 3, 6, NULL, 'quiz', 'Intro quiz', 'Quiz about Next.js basics', NULL, NULL, NULL, NULL, 'active', '2021-10-26 13:28:14.380822+00', '2021-10-26 13:28:31.504424+00');
INSERT INTO public.lesson (id, course_id, module_id, taxonomy_id, type, title, description, content, custom_fields, meta, ordering, status, created_at, updated_at) VALUES (18, 3, 7, NULL, 'text', 'Using create-next-app', '', 'Next.js is a framework. Because of this, getting a basic next app is easy to do. With Nodes package manager (npm), you need to run only one command. This lesson covers your first steps into Next.js.
We recommend creating a new Next.js app using create-next-app, which sets up everything automatically for you. To create a project, run:
npx create-next-app@latest
# or
yarn create next-app
If you want to start with a TypeScript project you can use the --typescript flag:
npx create-next-app@latest --typescript
# or
yarn create next-app --typescript', NULL, NULL, NULL, 'active', '2021-10-26 13:31:29.826416+00', '2021-10-26 13:32:55.858187+00');
INSERT INTO public.lesson (id, course_id, module_id, taxonomy_id, type, title, description, content, custom_fields, meta, ordering, status, created_at, updated_at) VALUES (19, 3, 7, NULL, 'text', 'Manual setup', '', 'Install next, react and react-dom in your project:
npm install next react react-dom
# or
yarn add next react react-dom
Open package.json and add the following scripts:
"scripts": {
  "dev": "next dev",
  "build": "next build",
  "start": "next start",
  "lint": "next lint"
}
These scripts refer to the different stages of developing an application:
dev - Runs next dev which starts Next.js in development mode
build - Runs next build which builds the application for production usage
start - Runs next start which starts a Next.js production server
lint - Runs next lint which sets up Next.js'' built-in ESLint configuration
Next.js is built around the concept of pages. A page is a React Component exported from a .js, .jsx, .ts, or .tsx file in the pages directory.
Pages are associated with a route based on their file name. For example pages/about.js is mapped to /about. You can even add dynamic route parameters with the filename.
Create a pages directory inside your project.
Populate ./pages/index.js with the following contents:
function HomePage() {
  return <div>Welcome to Next.js!</div>
}
export default HomePage', NULL, NULL, NULL, 'active', '2021-10-26 13:33:07.320913+00', '2021-10-26 13:34:12.41049+00');
INSERT INTO public.lesson_progress (id, enrollment_id, lesson_id, points, meta, status, created_at, updated_at) VALUES (1, 1, 1, 1, NULL, 'completed', '2021-09-19 16:20:38.904996+00', '2021-09-19 16:20:38.904996+00');
INSERT INTO public.medium (id, client_id, taxonomy_id, entity_id, entity, type, category, filename, extension, caption, custom_fields, meta, status, created_at, updated_at) VALUES (2, 2, NULL, 1, 'course', 'image', 'cover', 'images/79f9ecb7-ab15-468f-959d-ad45ea83f791.jpg', 'jpg', 'safeguarding.jpg', NULL, NULL, 'active', '2021-10-24 16:13:04.460542+00', '2021-10-24 16:13:04.460542+00');
INSERT INTO public.medium (id, client_id, taxonomy_id, entity_id, entity, type, category, filename, extension, caption, custom_fields, meta, status, created_at, updated_at) VALUES (3, 2, NULL, 2, 'account', 'image', 'logo', 'images/beb194e8-73a2-4515-b1ce-2cf794ded86e.png', 'png', 'uaefa.png', NULL, NULL, 'active', '2021-10-24 16:14:28.208187+00', '2021-10-24 16:14:28.208187+00');
INSERT INTO public.medium (id, client_id, taxonomy_id, entity_id, entity, type, category, filename, extension, caption, custom_fields, meta, status, created_at, updated_at) VALUES (5, 2, NULL, 12, 'lesson', 'video', 'lesson', 'videos/a6ea5961-4b23-413d-acc0-3e9532a80125.mp4', 'mp4', '05-steps-learn-skill.mp4', NULL, NULL, 'active', '2021-10-24 20:53:46.478481+00', '2021-10-24 20:53:46.478481+00');
INSERT INTO public.medium (id, client_id, taxonomy_id, entity_id, entity, type, category, filename, extension, caption, custom_fields, meta, status, created_at, updated_at) VALUES (6, 2, NULL, 2, 'course', 'image', 'cover', 'images/0aecfb77-a7f2-4ac7-bf9d-658b18b19344.jpg', 'jpg', 'professionalism.jpg', NULL, NULL, 'active', '2021-10-24 21:21:34.710473+00', '2021-10-24 21:21:34.710473+00');
INSERT INTO public.medium (id, client_id, taxonomy_id, entity_id, entity, type, category, filename, extension, caption, custom_fields, meta, status, created_at, updated_at) VALUES (7, 2, NULL, 1, 'lesson', 'video', 'lesson', 'videos/d3219aba-33b7-40ac-84df-0535cb8c19e1.mov', 'mov', 'Intro-video.mov', NULL, NULL, 'active', '2021-10-25 11:19:14.916709+00', '2021-10-25 11:19:14.916709+00');
INSERT INTO public.medium (id, client_id, taxonomy_id, entity_id, entity, type, category, filename, extension, caption, custom_fields, meta, status, created_at, updated_at) VALUES (8, 2, NULL, 9, 'lesson', 'document', 'lesson', 'documents/802576ee-ab8b-4aaf-bb98-580bfcc3412b.pdf', 'pdf', 'starting-on-common-ground.pdf', NULL, NULL, 'active', '2021-10-25 14:59:35.394326+00', '2021-10-25 14:59:35.394326+00');
INSERT INTO public.medium (id, client_id, taxonomy_id, entity_id, entity, type, category, filename, extension, caption, custom_fields, meta, status, created_at, updated_at) VALUES (9, 2, NULL, 10, 'lesson', 'document', 'lesson', 'documents/5e613b02-fc0b-4605-8143-e94584faf565.pdf', 'pdf', 'sample-child-safeguarding-policy.pdf', NULL, NULL, 'active', '2021-10-25 15:01:09.009897+00', '2021-10-25 15:01:09.009897+00');
INSERT INTO public.medium (id, client_id, taxonomy_id, entity_id, entity, type, category, filename, extension, caption, custom_fields, meta, status, created_at, updated_at) VALUES (10, 3, NULL, 3, 'account', 'image', 'logo', 'images/0c5c8116-e48b-4de5-9278-cf0626cc84f0.svg', 'svg', 'drykiss-white.svg', NULL, NULL, 'active', '2021-10-26 12:45:46.190009+00', '2021-10-26 12:45:46.190009+00');
INSERT INTO public.medium (id, client_id, taxonomy_id, entity_id, entity, type, category, filename, extension, caption, custom_fields, meta, status, created_at, updated_at) VALUES (11, 3, NULL, 3, 'course', 'image', 'cover', 'images/70413f1d-c61b-4f0b-9662-29cc822d82fc.png', 'png', 'nextjs-logo.png', NULL, NULL, 'active', '2021-10-26 13:11:49.564584+00', '2021-10-26 13:11:49.564584+00');
INSERT INTO public.post (id, account_id, user_id, taxonomy_id, entity_id, entity, type, title, subtitle, content, custom_fields, meta, status, publish_at, expire_at, created_at, updated_at) VALUES (2, 2, NULL, NULL, 1, 'course', 'resource', 'Video outlines appropriate behaviour towards children', NULL, 'The New Zealand FA has created an awareness-raising and educational video to promote its policy. It was created with the help of the New Zealand Police and supported by Oranga Tamariki (Ministry for Children). The video can be viewed here.', '{"link": "https://www.nzfootball.co.nz/newsarticle/61611", "filename": "", "filesize": "", "resource_type": "link"}', NULL, 'active', NULL, NULL, '2021-10-25 14:54:17.703602+00', '2021-10-25 14:54:17.703602+00');
INSERT INTO public.post (id, account_id, user_id, taxonomy_id, entity_id, entity, type, title, subtitle, content, custom_fields, meta, status, publish_at, expire_at, created_at, updated_at) VALUES (3, 3, NULL, NULL, 3, 'course', 'resource', 'Next.js Docs', NULL, 'Official Next.js documentation', '{"link": "https://nextjs.org/docs/getting-started", "filename": "", "filesize": "", "resource_type": "link"}', NULL, 'active', NULL, NULL, '2021-10-26 13:17:13.697881+00', '2021-10-26 13:17:13.697881+00');
INSERT INTO public.post (id, account_id, user_id, taxonomy_id, entity_id, entity, type, title, subtitle, content, custom_fields, meta, status, publish_at, expire_at, created_at, updated_at) VALUES (4, 3, NULL, NULL, 3, 'course', 'resource', 'GitHub repository', NULL, 'Code examples and latest releases.', '{"link": "https://github.com/vercel/next.js", "filename": "", "filesize": "", "resource_type": "link"}', NULL, 'active', NULL, NULL, '2021-10-26 13:17:58.112875+00', '2021-10-26 13:17:58.112875+00');
INSERT INTO public.setting (id, value, created_at, updated_at) VALUES ('minAppVersion', '{"version": "0.1.0"}', '2021-09-19 16:10:37.879161+00', '2021-09-19 16:10:37.879161+00');
INSERT INTO public.setting (id, value, created_at, updated_at) VALUES ('maintenanceMode', '{"enabled": false}', '2021-09-19 16:10:37.879161+00', '2021-10-07 22:15:48.32192+00');
SELECT pg_catalog.setval('public.account_id_seq', 11, true);
SELECT pg_catalog.setval('public.account_user_id_seq', 18, true);
SELECT pg_catalog.setval('public.course_enrollment_id_seq', 1, true);
SELECT pg_catalog.setval('public.course_id_seq', 3, true);
SELECT pg_catalog.setval('public.event_id_seq', 4, true);
SELECT pg_catalog.setval('public.lesson_id_seq', 19, true);
SELECT pg_catalog.setval('public.lesson_progress_id_seq', 1, true);
SELECT pg_catalog.setval('public.location_id_seq', 5, true);
SELECT pg_catalog.setval('public.medium_id_seq', 11, true);
SELECT pg_catalog.setval('public.module_id_seq', 7, true);
SELECT pg_catalog.setval('public.post_id_seq', 4, true);
SELECT pg_catalog.setval('public.taxonomy_id_seq', 57, true);
SELECT pg_catalog.setval('public.user_id_seq', 18, true);

SET session_replication_role = 'origin';